{
    "actionBarsOptions": {
        "allowTooltip": true,
        "lockActionBars": false,
        "showActionBar1": true,
        "showActionBar2": false,
        "showAmount": true,
        "showCooldown": true,
        "showCooldownNumber": true,
        "showHotkey": true,
        "showSpellParameters": true
    },
    "battleListWidgetOptions": {
        "battleListSortOrder": [
            "byAgeAscending",
            "byAgeAscending"
        ],
        "contentHeight": 200,
        "showFilters": true,
        "showMonsters": true,
        "showNPCs": true,
        "showNonSkulledPlayers": true,
        "showPartyMembers": true,
        "showPlayerSummons": true,
        "showPlayers": true
    },
    "chatOptions": {
        "chatModeOn": true,
        "lootChannelOpen": false,
        "openChannels": [
            8,
            7
        ]
    },
    "clientOptionsVersion": 4,
    "convertedLegacyConfiguration": true,
    "gameWindowOptions": {
        "clientWindowHeight": 600,
        "clientWindowIsMaximized": true,
        "clientWindowPositionX": 560,
        "clientWindowPositionY": 240,
        "clientWindowScreenName": "\\\\.\\DISPLAY1",
        "clientWindowWidth": 800,
        "mapWindowHeight": 827,
        "minimapZoomLevel": -100
    },
    "generalOptions": {
        "allowAllToInspectPlayer": false,
        "animatedMouseCursor": true,
        "askBeforeBuyingStoreProducts": true,
        "autoChase": false,
        "controlScheme": 0,
        "desiredIsPremiumPanelVisible": false,
        "dragAndDropDefaultActionIsMoveAll": false,
        "highlightMouseTarget": true,
        "keyboardDelay": 250,
        "rotateWithAlt": false,
        "rotateWithCtrl": true,
        "rotateWithShift": false,
        "showCooldownBar": true,
        "stayLoggedInByDefault": true,
        "systemCursor": false,
        "useDefaultKeyboardDelay": true
    },
    "graphicsOptions": {
        "ambientLight": 100,
        "antialiasing": true,
        "borderlessWindow": false,
        "frameRateLimit": 180,
        "gameWindowFixedSize": false,
        "levelSeparator": 80,
        "lightAttenuationClouds": 0.75,
        "lightAttenuationIndoor": 0.75,
        "lightEffects": true,
        "noFrameRateLimit": false,
        "quickLogin": true,
        "renderer": 0,
        "rendererChangeConfirmationRequired": false,
        "vSync": true
    },
    "hotkeyOptions": {
        "autoSwitchHotkeyPreset": false,
        "currentHotkeySetName": "Default",
        "hotkeySets": {
            "Default": {
                "actionBarOptions": {
                    "firstVisibleButtons": {
                    },
                    "mappings": [
                    ]
                },
                "chatOff": [
                    {
                        "actionsetting": {
                            "action": "ToggleBattlelist"
                        },
                        "keysequence": "Ctrl+B"
                    },
                    {
                        "actionsetting": {
                            "action": "Copy"
                        },
                        "keysequence": "Ctrl+C"
                    },
                    {
                        "actionsetting": {
                            "action": "ShowDefaultChannel"
                        },
                        "keysequence": "Alt+D"
                    },
                    {
                        "actionsetting": {
                            "action": "CloseCurrentChannel"
                        },
                        "keysequence": "Ctrl+E"
                    },
                    {
                        "actionsetting": {
                            "action": "ToggleFullscreen"
                        },
                        "keysequence": "Ctrl+F"
                    },
                    {
                        "actionsetting": {
                            "action": "ChangeCharacter"
                        },
                        "keysequence": "Ctrl+G"
                    },
                    {
                        "actionsetting": {
                            "action": "ShowLenshelp"
                        },
                        "keysequence": "Ctrl+H"
                    },
                    {
                        "actionsetting": {
                            "action": "ShowIgnorelist"
                        },
                        "keysequence": "Ctrl+I"
                    },
                    {
                        "actionsetting": {
                            "action": "NextHotkeyPreset"
                        },
                        "keysequence": "Ctrl+J"
                    },
                    {
                        "actionsetting": {
                            "action": "ShowOptionsHotkeys"
                        },
                        "keysequence": "Ctrl+K"
                    },
                    {
                        "actionsetting": {
                            "action": "Logout"
                        },
                        "keysequence": "Ctrl+L"
                    },
                    {
                        "actionsetting": {
                            "action": "ToggleShowServermessagesInCurrentChannel"
                        },
                        "keysequence": "Ctrl+M"
                    },
                    {
                        "actionsetting": {
                            "action": "ToggleCreatureHudsVisible"
                        },
                        "keysequence": "Ctrl+N"
                    },
                    {
                        "actionsetting": {
                            "action": "OpenChannelList"
                        },
                        "keysequence": "Ctrl+O"
                    },
                    {
                        "actionsetting": {
                            "action": "ToggleVipWidget"
                        },
                        "keysequence": "Ctrl+P"
                    },
                    {
                        "actionsetting": {
                            "action": "Logout"
                        },
                        "keysequence": "Ctrl+Q"
                    },
                    {
                        "actionsetting": {
                            "action": "ToggleMounted"
                        },
                        "keysequence": "Ctrl+R"
                    },
                    {
                        "actionsetting": {
                            "action": "ToggleSkillsWidget"
                        },
                        "keysequence": "Alt+S"
                    },
                    {
                        "actionsetting": {
                            "action": "ToggleSpellListWidget"
                        },
                        "keysequence": "Alt+L"
                    },
                    {
                        "actionsetting": {
                            "action": "OpenHelpChannel"
                        },
                        "keysequence": "Ctrl+T"
                    },
                    {
                        "actionsetting": {
                            "action": "ShowQuestlog"
                        },
                        "keysequence": "Ctrl+U"
                    },
                    {
                        "actionsetting": {
                            "action": "ClearOldestMessage"
                        },
                        "keysequence": "Alt+W"
                    },
                    {
                        "actionsetting": {
                            "action": "ShowPrey"
                        },
                        "keysequence": "Ctrl+Y"
                    },
                    {
                        "actionsetting": {
                            "action": "Bugreport"
                        },
                        "keysequence": "Ctrl+Z"
                    },
                    {
                        "actionsetting": {
                            "action": "StopPlayer"
                        },
                        "keysequence": "Esc"
                    },
                    {
                        "actionsetting": {
                            "action": "NextChannel"
                        },
                        "keysequence": "Tab"
                    },
                    {
                        "actionsetting": {
                            "action": "AttackNextTarget"
                        },
                        "keysequence": "Space"
                    },
                    {
                        "actionsetting": {
                            "action": "AttackPreviousTarget"
                        },
                        "keysequence": "Ctrl+Space"
                    },
                    {
                        "actionsetting": {
                            "action": "PreviousChannel"
                        },
                        "keysequence": "Shift+Backtab"
                    },
                    {
                        "actionsetting": {
                            "action": "MinimapFloorUp"
                        },
                        "keysequence": "Alt+PgUp"
                    },
                    {
                        "actionsetting": {
                            "action": "MinimapFloorDown"
                        },
                        "keysequence": "Alt+PgDown"
                    },
                    {
                        "actionsetting": {
                            "action": "MinimapZoomOut"
                        },
                        "keysequence": "Alt+Home"
                    },
                    {
                        "actionsetting": {
                            "action": "MinimapZoomIn"
                        },
                        "keysequence": "Alt+End"
                    },
                    {
                        "actionsetting": {
                            "action": "MinimapScrollWest"
                        },
                        "keysequence": "Alt+Left"
                    },
                    {
                        "actionsetting": {
                            "action": "MinimapScrollEast"
                        },
                        "keysequence": "Alt+Right"
                    },
                    {
                        "actionsetting": {
                            "action": "MinimapScrollNorth"
                        },
                        "keysequence": "Alt+Up"
                    },
                    {
                        "actionsetting": {
                            "action": "MinimapScrollSouth"
                        },
                        "keysequence": "Alt+Down"
                    },
                    {
                        "actionsetting": {
                            "action": "ToggleFPSLagIndicator"
                        },
                        "keysequence": "Alt+F8"
                    },
                    {
                        "actionsetting": {
                            "action": "ToggleFullscreen"
                        },
                        "keysequence": "Alt+Return"
                    },
                    {
                        "actionsetting": {
                            "action": "ChatModeTemporaryOn"
                        },
                        "keysequence": "Return"
                    },
                    {
                        "actionsetting": {
                            "action": "ChatModeTemporaryOn"
                        },
                        "keysequence": "Num+Enter"
                    },
                    {
                        "actionsetting": {
                            "action": "GoNorth"
                        },
                        "keysequence": "W"
                    },
                    {
                        "actionsetting": {
                            "action": "GoWest"
                        },
                        "keysequence": "A"
                    },
                    {
                        "actionsetting": {
                            "action": "GoSouth"
                        },
                        "keysequence": "S"
                    },
                    {
                        "actionsetting": {
                            "action": "GoEast"
                        },
                        "keysequence": "D"
                    },
                    {
                        "actionsetting": {
                            "action": "GoNorthWest"
                        },
                        "keysequence": "Q"
                    },
                    {
                        "actionsetting": {
                            "action": "GoSouthWest"
                        },
                        "keysequence": "Z"
                    },
                    {
                        "actionsetting": {
                            "action": "GoNorthEast"
                        },
                        "keysequence": "E"
                    },
                    {
                        "actionsetting": {
                            "action": "GoSouthEast"
                        },
                        "keysequence": "C"
                    },
                    {
                        "actionsetting": {
                            "action": "TriggerActionButton_1.8"
                        },
                        "keysequence": "F8"
                    },
                    {
                        "actionsetting": {
                            "action": "TriggerActionButton_1.9"
                        },
                        "keysequence": "F9"
                    },
                    {
                        "actionsetting": {
                            "action": "TriggerActionButton_1.10"
                        },
                        "keysequence": "F10"
                    },
                    {
                        "actionsetting": {
                            "action": "TriggerActionButton_1.11"
                        },
                        "keysequence": "F11"
                    },
                    {
                        "actionsetting": {
                            "action": "TriggerActionButton_1.12"
                        },
                        "keysequence": "F12"
                    },
                    {
                        "actionsetting": {
                            "chatText": "utani gran hur",
                            "sendAutomatically": true
                        },
                        "keysequence": "F1"
                    },
                    {
                        "actionsetting": {
                            "useObject": 3160,
                            "useType": "UseOnYourself"
                        },
                        "keysequence": "F2"
                    },
                    {
                        "actionsetting": {
                            "useObject": 268,
                            "useType": "UseOnYourself"
                        },
                        "keysequence": "F3"
                    },
                    {
                        "actionsetting": {
                            "chatText": "exura gran",
                            "sendAutomatically": true
                        },
                        "keysequence": "F4"
                    },
                    {
                        "actionsetting": {
                            "chatText": "exevo mas san",
                            "sendAutomatically": true
                        },
                        "keysequence": "F5"
                    },
                    {
                        "actionsetting": {
                            "useObject": 268,
                            "useType": "UseOnYourself"
                        },
                        "keysequence": "F6"
                    },
                    {
                        "actionsetting": {
                            "chatText": "exori frigo",
                            "sendAutomatically": true
                        },
                        "keysequence": "F7"
                    }
                ],
                "chatOn": [
                    {
                        "actionsetting": {
                            "action": "SelectAll"
                        },
                        "keysequence": "Ctrl+A"
                    },
                    {
                        "actionsetting": {
                            "action": "ToggleBattlelist"
                        },
                        "keysequence": "Ctrl+B"
                    },
                    {
                        "actionsetting": {
                            "action": "Copy"
                        },
                        "keysequence": "Ctrl+C"
                    },
                    {
                        "actionsetting": {
                            "action": "ShowDefaultChannel"
                        },
                        "keysequence": "Alt+D"
                    },
                    {
                        "actionsetting": {
                            "action": "CloseCurrentChannel"
                        },
                        "keysequence": "Ctrl+E"
                    },
                    {
                        "actionsetting": {
                            "action": "ToggleFullscreen"
                        },
                        "keysequence": "Ctrl+F"
                    },
                    {
                        "actionsetting": {
                            "action": "ChangeCharacter"
                        },
                        "keysequence": "Ctrl+G"
                    },
                    {
                        "actionsetting": {
                            "action": "ShowLenshelp"
                        },
                        "keysequence": "Ctrl+H"
                    },
                    {
                        "actionsetting": {
                            "action": "ShowIgnorelist"
                        },
                        "keysequence": "Ctrl+I"
                    },
                    {
                        "actionsetting": {
                            "action": "NextHotkeyPreset"
                        },
                        "keysequence": "Ctrl+J"
                    },
                    {
                        "actionsetting": {
                            "action": "ShowOptionsHotkeys"
                        },
                        "keysequence": "Ctrl+K"
                    },
                    {
                        "actionsetting": {
                            "action": "Logout"
                        },
                        "keysequence": "Ctrl+L"
                    },
                    {
                        "actionsetting": {
                            "action": "ToggleShowServermessagesInCurrentChannel"
                        },
                        "keysequence": "Ctrl+M"
                    },
                    {
                        "actionsetting": {
                            "action": "ToggleCreatureHudsVisible"
                        },
                        "keysequence": "Ctrl+N"
                    },
                    {
                        "actionsetting": {
                            "action": "OpenChannelList"
                        },
                        "keysequence": "Ctrl+O"
                    },
                    {
                        "actionsetting": {
                            "action": "ToggleVipWidget"
                        },
                        "keysequence": "Ctrl+P"
                    },
                    {
                        "actionsetting": {
                            "action": "Logout"
                        },
                        "keysequence": "Ctrl+Q"
                    },
                    {
                        "actionsetting": {
                            "action": "ToggleMounted"
                        },
                        "keysequence": "Ctrl+R"
                    },
                    {
                        "actionsetting": {
                            "action": "ToggleSkillsWidget"
                        },
                        "keysequence": "Alt+S"
                    },
                    {
                        "actionsetting": {
                            "action": "ToggleSpellListWidget"
                        },
                        "keysequence": "Alt+L"
                    },
                    {
                        "actionsetting": {
                            "action": "OpenHelpChannel"
                        },
                        "keysequence": "Ctrl+T"
                    },
                    {
                        "actionsetting": {
                            "action": "ShowQuestlog"
                        },
                        "keysequence": "Ctrl+U"
                    },
                    {
                        "actionsetting": {
                            "action": "ClearOldestMessage"
                        },
                        "keysequence": "Alt+W"
                    },
                    {
                        "actionsetting": {
                            "action": "ShowPrey"
                        },
                        "keysequence": "Ctrl+Y"
                    },
                    {
                        "actionsetting": {
                            "action": "Bugreport"
                        },
                        "keysequence": "Ctrl+Z"
                    },
                    {
                        "actionsetting": {
                            "action": "StopPlayer"
                        },
                        "keysequence": "Esc"
                    },
                    {
                        "actionsetting": {
                            "action": "NextChannel"
                        },
                        "keysequence": "Tab"
                    },
                    {
                        "actionsetting": {
                            "action": "PreviousChannel"
                        },
                        "keysequence": "Shift+Backtab"
                    },
                    {
                        "actionsetting": {
                            "action": "MinimapFloorUp"
                        },
                        "keysequence": "Alt+PgUp"
                    },
                    {
                        "actionsetting": {
                            "action": "MinimapFloorDown"
                        },
                        "keysequence": "Alt+PgDown"
                    },
                    {
                        "actionsetting": {
                            "action": "MinimapZoomOut"
                        },
                        "keysequence": "Alt+Home"
                    },
                    {
                        "actionsetting": {
                            "action": "MinimapZoomIn"
                        },
                        "keysequence": "Alt+End"
                    },
                    {
                        "actionsetting": {
                            "action": "MinimapScrollWest"
                        },
                        "keysequence": "Alt+Left"
                    },
                    {
                        "actionsetting": {
                            "action": "MinimapScrollEast"
                        },
                        "keysequence": "Alt+Right"
                    },
                    {
                        "actionsetting": {
                            "action": "MinimapScrollNorth"
                        },
                        "keysequence": "Alt+Up"
                    },
                    {
                        "actionsetting": {
                            "action": "MinimapScrollSouth"
                        },
                        "keysequence": "Alt+Down"
                    },
                    {
                        "actionsetting": {
                            "action": "ToggleFPSLagIndicator"
                        },
                        "keysequence": "Alt+F8"
                    },
                    {
                        "actionsetting": {
                            "action": "ToggleFullscreen"
                        },
                        "keysequence": "Alt+Return"
                    },
                    {
                        "actionsetting": {
                            "action": "PressEnterInChat"
                        },
                        "keysequence": "Return"
                    },
                    {
                        "actionsetting": {
                            "action": "PressEnterInChat"
                        },
                        "keysequence": "Num+Enter"
                    },
                    {
                        "actionsetting": {
                            "action": "TriggerActionButton_1.8"
                        },
                        "keysequence": "F8"
                    },
                    {
                        "actionsetting": {
                            "action": "TriggerActionButton_1.9"
                        },
                        "keysequence": "F9"
                    },
                    {
                        "actionsetting": {
                            "action": "TriggerActionButton_1.10"
                        },
                        "keysequence": "F10"
                    },
                    {
                        "actionsetting": {
                            "action": "TriggerActionButton_1.11"
                        },
                        "keysequence": "F11"
                    },
                    {
                        "actionsetting": {
                            "action": "TriggerActionButton_1.12"
                        },
                        "keysequence": "F12"
                    },
                    {
                        "actionsetting": {
                            "chatText": "utani gran hur",
                            "sendAutomatically": true
                        },
                        "keysequence": "F1"
                    },
                    {
                        "actionsetting": {
                            "useObject": 3160,
                            "useType": "UseOnYourself"
                        },
                        "keysequence": "F2"
                    },
                    {
                        "actionsetting": {
                            "useObject": 268,
                            "useType": "UseOnYourself"
                        },
                        "keysequence": "F3"
                    },
                    {
                        "actionsetting": {
                            "chatText": "exura gran",
                            "sendAutomatically": true
                        },
                        "keysequence": "F4"
                    },
                    {
                        "actionsetting": {
                            "chatText": "exevo mas san",
                            "sendAutomatically": true
                        },
                        "keysequence": "F5"
                    },
                    {
                        "actionsetting": {
                            "useObject": 268,
                            "useType": "UseOnYourself"
                        },
                        "keysequence": "F6"
                    },
                    {
                        "actionsetting": {
                            "chatText": "exori frigo",
                            "sendAutomatically": true
                        },
                        "keysequence": "F7"
                    }
                ]
            }
        },
        "showStaticHotkeysFirst": true
    },
    "huntingSessionAnalyserWidgetOptions": {
        "contentHeight": 0
    },
    "impactAnalyserWidgetOptions": {
        "contentHeight": 0
    },
    "lootAnalyserWidgetOptions": {
        "contentHeight": 0
    },
    "lootTrackerWidgetOptions": {
        "contentHeight": 0
    },
    "messagesOptions": {
        "showEventMessagesInConsole": true,
        "showInfoMessagesInConsole": true,
        "showLevelsInConsole": true,
        "showLinkCopyWarning": true,
        "showMessagesInGameWindow": true,
        "showOthersSpellsInGameWindow": true,
        "showOwnSpellsInGameWindow": true,
        "showPrivateMessagesInGameWindow": true,
        "showStatusMessagesInConsole": true,
        "showStatusMessagesOfOthersInConsole": false,
        "showTextualEffects": true,
        "showTimestampsInConsole": true
    },
    "networkOptions": {
        "useProtectedNetworkRoute": true
    },
    "npcTradeOptions": {
        "allowSellingEquippedItems": false,
        "ignoreCapacityWhenBuying": false,
        "purchaseShoppingBagWhenBuying": true,
        "sortFieldWhenBuying": "name",
        "sortFieldWhenSelling": "amount"
    },
    "panelOptions": {
        "controlButtonsVisible": false
    },
    "playerOptions": {
        "chaseModeEnabled": false,
        "combatMode": 1,
        "minimizeInventory": false
    },
    "preyWidgetOptions": {
        "contentHeight": 0
    },
    "questTrackerWidgetOptions": {
        "contentHeight": 0
    },
    "sidebarPanelsMangerOptions": {
        "panelsOrder": [
            "minimap",
            "hitpointManabar",
            "inventoryStatus",
            "buttons"
        ]
    },
    "sidebarWidgetsMangerOptions": {
        "leftSidebarCount": 0,
        "openWidgetsOrderPerSidebar": [
            [
                "battleList"
            ]
        ]
    },
    "skillsWidgetOptions": {
        "contentHeight": 0,
        "invisibleProgressBars": [
        ]
    },
    "spellListWidgetOptions": {
        "contentHeight": 0,
        "showAttackSpellGroup": true,
        "showConjureSpellGroup": true,
        "showDruidSpells": true,
        "showFreeSpells": true,
        "showHealingSpellGroup": true,
        "showKnightSpells": true,
        "showOnlyCurrentLevel": false,
        "showOnlyCurrentProfession": false,
        "showPaladinSpells": true,
        "showPowerstrikesSpellGroup": true,
        "showPremiumOnlySpells": true,
        "showSorcererSpells": true,
        "showSupportSpellGroup": true,
        "showUnkownSpells": false
    },
    "statusOptions": {
        "creatureHudEnabled": true,
        "creatureShowHealth": true,
        "creatureShowMarks": true,
        "creatureShowName": true,
        "npcShowIcon": true,
        "playerHudEnabled": true,
        "playerHudStyle": "bar",
        "playerShowHealth": true,
        "playerShowMana": true,
        "playerShowMarks": true,
        "playerShowName": true,
        "showFrames": true,
        "showFramesPvp": true
    },
    "survey": {
        "id": 0,
        "status": 2
    },
    "vipWidgetOptions": {
        "contentHeight": 0,
        "hideOfflineVips": false,
        "showGrouped": false,
        "vipSortOrder": [
            "byState",
            "byType",
            "byName"
        ]
    },
    "wasteAnalyserWidgetOptions": {
        "contentHeight": 0
    },
    "whiteBlacklistOptions": {
        "blacklistedNames": [
            ""
        ],
        "whitelistedNames": [
            ""
        ]
    },
    "xpAnalyserWidgetOptions": {
        "contentHeight": 0
    }
}
