{
    "battleListWidgetOptions": {
        "contentHeight": 0
    },
    "chatOptions": {
        "chatModeOn": true,
        "openChannels": [
        ]
    },
    "clientOptionsVersion": 2,
    "consoleOptions": {
        "showEventMessages": true,
        "showInfoMessages": true,
        "showLevels": true,
        "showLinkCopyWarning": true,
        "showStatusMessages": true,
        "showStatusMessagesOfOthers": true,
        "showTimestamps": true
    },
    "convertedLegacyConfiguration": true,
    "gameWindowOptions": {
        "clientWindowHeight": 600,
        "clientWindowIsMaximized": true,
        "clientWindowPositionX": 560,
        "clientWindowPositionY": 220,
        "clientWindowScreenName": "\\\\.\\DISPLAY1",
        "clientWindowWidth": 800,
        "mapWindowHeight": 866,
        "minimapZoomLevel": 0
    },
    "generalOptions": {
        "animatedMouseCursor": true,
        "askBeforeBuyingStoreProducts": true,
        "autoChase": false,
        "controlScheme": 0,
        "desiredIsPremiumPanelVisible": false,
        "dragAndDropDefaultActionIsMoveAll": false,
        "highlightMouseTarget": true,
        "keyboardDelay": 250,
        "showCooldownBar": true,
        "showMessagesInGameWindow": true,
        "showPrivateMessagesInGameWindow": true,
        "showTextualEffects": true,
        "stayLoggedInByDefault": true
    },
    "graphicsOptions": {
        "ambientLight": 25,
        "antialiasing": true,
        "borderlessWindow": false,
        "frameRateLimit": 50,
        "gameWindowFixedSize": false,
        "levelSeparator": 80,
        "lightEffects": true,
        "noFrameRateLimit": false,
        "renderer": 4,
        "rendererChangeConfirmationRequired": false,
        "vSync": true
    },
    "hotkeyOptions": {
        "autoSwitchHotkeyPreset": false,
        "currentHotkeySetName": "Default",
        "hotkeySets": {
            "Default": {
                "chatOff": [
                    {
                        "actionsetting": {
                            "action": "ToggleBattlelist"
                        },
                        "keysequence": "Ctrl+B"
                    },
                    {
                        "actionsetting": {
                            "action": "Copy"
                        },
                        "keysequence": "Ctrl+C"
                    },
                    {
                        "actionsetting": {
                            "action": "ShowDefaultChannel"
                        },
                        "keysequence": "Alt+D"
                    },
                    {
                        "actionsetting": {
                            "action": "CloseCurrentChannel"
                        },
                        "keysequence": "Ctrl+E"
                    },
                    {
                        "actionsetting": {
                            "action": "ToggleFullscreen"
                        },
                        "keysequence": "Ctrl+F"
                    },
                    {
                        "actionsetting": {
                            "action": "ChangeCharacter"
                        },
                        "keysequence": "Ctrl+G"
                    },
                    {
                        "actionsetting": {
                            "action": "ShowLenshelp"
                        },
                        "keysequence": "Ctrl+H"
                    },
                    {
                        "actionsetting": {
                            "action": "ShowIgnorelist"
                        },
                        "keysequence": "Ctrl+I"
                    },
                    {
                        "actionsetting": {
                            "action": "NextHotkeyPreset"
                        },
                        "keysequence": "Ctrl+J"
                    },
                    {
                        "actionsetting": {
                            "action": "ShowOptionsHotkeys"
                        },
                        "keysequence": "Ctrl+K"
                    },
                    {
                        "actionsetting": {
                            "action": "Logout"
                        },
                        "keysequence": "Ctrl+L"
                    },
                    {
                        "actionsetting": {
                            "action": "ToggleShowServermessagesInCurrentChannel"
                        },
                        "keysequence": "Ctrl+M"
                    },
                    {
                        "actionsetting": {
                            "action": "ToggleCreatureHudsVisible"
                        },
                        "keysequence": "Ctrl+N"
                    },
                    {
                        "actionsetting": {
                            "action": "OpenChannelList"
                        },
                        "keysequence": "Ctrl+O"
                    },
                    {
                        "actionsetting": {
                            "action": "ToggleVipWidget"
                        },
                        "keysequence": "Ctrl+P"
                    },
                    {
                        "actionsetting": {
                            "action": "Logout"
                        },
                        "keysequence": "Ctrl+Q"
                    },
                    {
                        "actionsetting": {
                            "action": "ToggleMounted"
                        },
                        "keysequence": "Ctrl+R"
                    },
                    {
                        "actionsetting": {
                            "action": "ToggleSkillsWidget"
                        },
                        "keysequence": "Alt+S"
                    },
                    {
                        "actionsetting": {
                            "action": "OpenHelpChannel"
                        },
                        "keysequence": "Ctrl+T"
                    },
                    {
                        "actionsetting": {
                            "action": "ShowQuestlog"
                        },
                        "keysequence": "Ctrl+U"
                    },
                    {
                        "actionsetting": {
                            "action": "ClearOldestMessage"
                        },
                        "keysequence": "Alt+W"
                    },
                    {
                        "actionsetting": {
                            "action": "Bugreport"
                        },
                        "keysequence": "Ctrl+Z"
                    },
                    {
                        "actionsetting": {
                            "action": "StopPlayer"
                        },
                        "keysequence": "Esc"
                    },
                    {
                        "actionsetting": {
                            "action": "NextChannel"
                        },
                        "keysequence": "Tab"
                    },
                    {
                        "actionsetting": {
                            "action": "PreviousChannel"
                        },
                        "keysequence": "Shift+Backtab"
                    },
                    {
                        "actionsetting": {
                            "action": "MinimapFloorUp"
                        },
                        "keysequence": "Alt+PgUp"
                    },
                    {
                        "actionsetting": {
                            "action": "MinimapFloorDown"
                        },
                        "keysequence": "Alt+PgDown"
                    },
                    {
                        "actionsetting": {
                            "action": "MinimapZoomOut"
                        },
                        "keysequence": "Alt+Home"
                    },
                    {
                        "actionsetting": {
                            "action": "MinimapZoomIn"
                        },
                        "keysequence": "Alt+End"
                    },
                    {
                        "actionsetting": {
                            "action": "MinimapScrollWest"
                        },
                        "keysequence": "Alt+Left"
                    },
                    {
                        "actionsetting": {
                            "action": "MinimapScrollEast"
                        },
                        "keysequence": "Alt+Right"
                    },
                    {
                        "actionsetting": {
                            "action": "MinimapScrollNorth"
                        },
                        "keysequence": "Alt+Up"
                    },
                    {
                        "actionsetting": {
                            "action": "MinimapScrollSouth"
                        },
                        "keysequence": "Alt+Down"
                    },
                    {
                        "actionsetting": {
                            "action": "ToggleFPSLagIndicator"
                        },
                        "keysequence": "Alt+F8"
                    },
                    {
                        "actionsetting": {
                            "action": "ToggleFullscreen"
                        },
                        "keysequence": "Alt+Return"
                    },
                    {
                        "actionsetting": {
                            "action": "ChatModeTemporaryOn"
                        },
                        "keysequence": "Return"
                    },
                    {
                        "actionsetting": {
                            "action": "ChatModeTemporaryOn"
                        },
                        "keysequence": "Num+Enter"
                    },
                    {
                        "actionsetting": {
                            "action": "GoNorth"
                        },
                        "keysequence": "W"
                    },
                    {
                        "actionsetting": {
                            "action": "GoWest"
                        },
                        "keysequence": "A"
                    },
                    {
                        "actionsetting": {
                            "action": "GoSouth"
                        },
                        "keysequence": "S"
                    },
                    {
                        "actionsetting": {
                            "action": "GoEast"
                        },
                        "keysequence": "D"
                    },
                    {
                        "actionsetting": {
                            "action": "GoNorthWest"
                        },
                        "keysequence": "Q"
                    },
                    {
                        "actionsetting": {
                            "action": "GoSouthWest"
                        },
                        "keysequence": "Z"
                    },
                    {
                        "actionsetting": {
                            "action": "GoNorthEast"
                        },
                        "keysequence": "E"
                    },
                    {
                        "actionsetting": {
                            "action": "GoSouthEast"
                        },
                        "keysequence": "C"
                    },
                    {
                        "actionsetting": {
                            "useObject": 238,
                            "useType": "UseOnYourself"
                        },
                        "keysequence": "F1"
                    },
                    {
                        "actionsetting": {
                            "useObject": 3055,
                            "useType": "Equip"
                        },
                        "keysequence": "F4"
                    },
                    {
                        "actionsetting": {
                            "chatText": "exori max vis",
                            "sendAutomatically": true
                        },
                        "keysequence": "F5"
                    }
                ],
                "chatOn": [
                    {
                        "actionsetting": {
                            "action": "SelectAll"
                        },
                        "keysequence": "Ctrl+A"
                    },
                    {
                        "actionsetting": {
                            "action": "ToggleBattlelist"
                        },
                        "keysequence": "Ctrl+B"
                    },
                    {
                        "actionsetting": {
                            "action": "Copy"
                        },
                        "keysequence": "Ctrl+C"
                    },
                    {
                        "actionsetting": {
                            "action": "ShowDefaultChannel"
                        },
                        "keysequence": "Alt+D"
                    },
                    {
                        "actionsetting": {
                            "action": "CloseCurrentChannel"
                        },
                        "keysequence": "Ctrl+E"
                    },
                    {
                        "actionsetting": {
                            "action": "ToggleFullscreen"
                        },
                        "keysequence": "Ctrl+F"
                    },
                    {
                        "actionsetting": {
                            "action": "ChangeCharacter"
                        },
                        "keysequence": "Ctrl+G"
                    },
                    {
                        "actionsetting": {
                            "action": "ShowLenshelp"
                        },
                        "keysequence": "Ctrl+H"
                    },
                    {
                        "actionsetting": {
                            "action": "ShowIgnorelist"
                        },
                        "keysequence": "Ctrl+I"
                    },
                    {
                        "actionsetting": {
                            "action": "NextHotkeyPreset"
                        },
                        "keysequence": "Ctrl+J"
                    },
                    {
                        "actionsetting": {
                            "action": "ShowOptionsHotkeys"
                        },
                        "keysequence": "Ctrl+K"
                    },
                    {
                        "actionsetting": {
                            "action": "Logout"
                        },
                        "keysequence": "Ctrl+L"
                    },
                    {
                        "actionsetting": {
                            "action": "ToggleShowServermessagesInCurrentChannel"
                        },
                        "keysequence": "Ctrl+M"
                    },
                    {
                        "actionsetting": {
                            "action": "ToggleCreatureHudsVisible"
                        },
                        "keysequence": "Ctrl+N"
                    },
                    {
                        "actionsetting": {
                            "action": "OpenChannelList"
                        },
                        "keysequence": "Ctrl+O"
                    },
                    {
                        "actionsetting": {
                            "action": "ToggleVipWidget"
                        },
                        "keysequence": "Ctrl+P"
                    },
                    {
                        "actionsetting": {
                            "action": "Logout"
                        },
                        "keysequence": "Ctrl+Q"
                    },
                    {
                        "actionsetting": {
                            "action": "ToggleMounted"
                        },
                        "keysequence": "Ctrl+R"
                    },
                    {
                        "actionsetting": {
                            "action": "ToggleSkillsWidget"
                        },
                        "keysequence": "Alt+S"
                    },
                    {
                        "actionsetting": {
                            "action": "OpenHelpChannel"
                        },
                        "keysequence": "Ctrl+T"
                    },
                    {
                        "actionsetting": {
                            "action": "ShowQuestlog"
                        },
                        "keysequence": "Ctrl+U"
                    },
                    {
                        "actionsetting": {
                            "action": "ClearOldestMessage"
                        },
                        "keysequence": "Alt+W"
                    },
                    {
                        "actionsetting": {
                            "action": "Bugreport"
                        },
                        "keysequence": "Ctrl+Z"
                    },
                    {
                        "actionsetting": {
                            "action": "StopPlayer"
                        },
                        "keysequence": "Esc"
                    },
                    {
                        "actionsetting": {
                            "action": "NextChannel"
                        },
                        "keysequence": "Tab"
                    },
                    {
                        "actionsetting": {
                            "action": "PreviousChannel"
                        },
                        "keysequence": "Shift+Backtab"
                    },
                    {
                        "actionsetting": {
                            "action": "MinimapFloorUp"
                        },
                        "keysequence": "Alt+PgUp"
                    },
                    {
                        "actionsetting": {
                            "action": "MinimapFloorDown"
                        },
                        "keysequence": "Alt+PgDown"
                    },
                    {
                        "actionsetting": {
                            "action": "MinimapZoomOut"
                        },
                        "keysequence": "Alt+Home"
                    },
                    {
                        "actionsetting": {
                            "action": "MinimapZoomIn"
                        },
                        "keysequence": "Alt+End"
                    },
                    {
                        "actionsetting": {
                            "action": "MinimapScrollWest"
                        },
                        "keysequence": "Alt+Left"
                    },
                    {
                        "actionsetting": {
                            "action": "MinimapScrollEast"
                        },
                        "keysequence": "Alt+Right"
                    },
                    {
                        "actionsetting": {
                            "action": "MinimapScrollNorth"
                        },
                        "keysequence": "Alt+Up"
                    },
                    {
                        "actionsetting": {
                            "action": "MinimapScrollSouth"
                        },
                        "keysequence": "Alt+Down"
                    },
                    {
                        "actionsetting": {
                            "action": "ToggleFPSLagIndicator"
                        },
                        "keysequence": "Alt+F8"
                    },
                    {
                        "actionsetting": {
                            "action": "ToggleFullscreen"
                        },
                        "keysequence": "Alt+Return"
                    },
                    {
                        "actionsetting": {
                            "action": "PressEnterInChat"
                        },
                        "keysequence": "Return"
                    },
                    {
                        "actionsetting": {
                            "action": "PressEnterInChat"
                        },
                        "keysequence": "Num+Enter"
                    },
                    {
                        "actionsetting": {
                            "useObject": 238,
                            "useType": "UseOnYourself"
                        },
                        "keysequence": "F1"
                    },
                    {
                        "actionsetting": {
                            "useObject": 3055,
                            "useType": "Equip"
                        },
                        "keysequence": "F4"
                    },
                    {
                        "actionsetting": {
                            "chatText": "exori max vis",
                            "sendAutomatically": true
                        },
                        "keysequence": "F5"
                    }
                ]
            }
        }
    },
    "npcTradeOptions": {
        "allowSellingEquippedItems": false,
        "ignoreCapacityWhenBuying": false,
        "purchaseShoppingBagWhenBuying": false,
        "sortFieldWhenBuying": "name",
        "sortFieldWhenSelling": "amount"
    },
    "panelOptions": {
        "controllButtonsVisible": true
    },
    "playerOptions": {
        "chaseModeEnabled": false,
        "combatMode": 2,
        "minimizeInventory": false
    },
    "sidebarPanelsMangerOptions": {
        "panelsOrder": [
            "minimap",
            "hitpointManabar",
            "inventoryStatus",
            "buttons"
        ]
    },
    "sidebarWidgetsMangerOptions": {
        "openWidgetsOrder": [
        ]
    },
    "skillsWidgetOptions": {
        "contentHeight": 0,
        "invisibleProgressBars": [
        ]
    },
    "statusOptions": {
        "creatureHudEnabled": true,
        "creatureShowHealth": true,
        "creatureShowMarks": true,
        "creatureShowName": true,
        "npcShowIcon": true,
        "playerHudEnabled": true,
        "playerHudStyle": "bar",
        "playerShowHealth": true,
        "playerShowMana": true,
        "playerShowMarks": true,
        "playerShowName": true,
        "showFrames": true,
        "showFramesPvp": true
    },
    "survey": {
        "id": 0,
        "status": 2
    },
    "vipWidgetOptions": {
        "contentHeight": 0,
        "hideOfflineVips": false,
        "vipSortOrder": [
            "byType",
            "byName",
            "byState"
        ]
    },
    "whiteBlacklistOptions": {
        "blacklistedNames": [
            ""
        ],
        "whitelistedNames": [
            ""
        ]
    }
}
